id;title;url;active
1;Re-contextualized;http://earl.name;false
2;deposit Chips Applications;https://dustin.org;true
3;back up Factors;http://hilario.name;true
4;Strategist SDD;http://elmo.info;false
5;eco-centric Bedfordshire mesh;http://tremayne.org;true
6;Arkansas Intelligent Credit Card Account;https://florine.com;false
7;system-worthy portal;https://maverick.com;true
8;real-time discrete redundant;https://deshaun.org;true
9;Sleek Beauty Auto Loan Account;http://mabel.com;true
10;auxiliary Human;http://alena.info;true
